{
  "SPINE_INDEX" : 11,
  "LEFT_HIP_INDEX" : 1,
  "RIGHT_HIP_INDEX" : 5,
  "INITIAL_DIRECTION" : [
    "Z",
    "L", "D", "D", "F",
    "R", "D", "D", "F",
    "U", "U", "U", "U",
    "L", "L", "L", "L",
    "R", "R", "R", "R"
  ],
  "JOINT_NAME" : [
    "Root",
    "Bone.000", "Bone.001", "Bone.002", "Bone.003", "Bone.004",
    "Bone.005", "Bone.006", "Bone.007", "Bone.008", "Bone.009",
    "Bone.010", "Bone.011", "Bone.012", "Bone.013", "Bone.014",
    "Bone.015", "Bone.016", "Bone.017", "Bone.018", "Bone.019"
  ],
 "PARENT_INDEX" : [
    -1,
    0, 1, 2, 3,
    0, 5, 6, 7,
    0, 9, 10,
    11, 11, 13, 14, 15,
    11, 17, 18, 19
  ],
  "INIT_POS" : [
    [-2.03029685e-02,  1.68440217e+01, -6.24466284e-02],
    [ 1.41187979e+00,  1.50809102e+01,  3.80191010e-01],
    [ 1.46695451e+00,  8.38195821e+00,  2.34405512e+00],
    [ 1.18385399e+00,  1.87078960e+00, -2.26383958e-01],
    [ 1.21741815e+00,  7.83476194e-01,  1.58826705e+00],
    [-1.41187979e+00,  1.50809102e+01,  3.80191010e-01],
    [-1.46695451e+00,  8.38195821e+00,  2.34405512e+00],
    [-1.18385399e+00,  1.87078960e+00, -2.26383958e-01],
    [-1.21741815e+00,  7.83476194e-01,  1.58826705e+00],
    [ 2.26656039e-03,  1.88166232e+01,  2.43522532e-01],
    [-3.10903284e-02,  2.07965797e+01,  6.23443995e-01],
    [ 7.40026337e-03,  2.25097286e+01,  8.29421933e-01],
    [ 1.32971585e-01,  2.41881257e+01,  1.24185347e+00],
    [ 3.04966425e+00,  2.23186851e+01,  7.00730962e-01],
    [ 3.91391720e+00,  1.75629219e+01,  1.28947735e-01],
    [ 4.02079454e+00,  1.49284439e+01,  1.65594046e+00],
    [ 4.15267230e+00,  1.44887233e+01,  1.90691817e+00],
    [-3.04966425e+00,  2.23186851e+01,  7.00730962e-01],
    [-3.91391720e+00,  1.75629219e+01,  1.28947735e-01],
    [-4.02079454e+00,  1.49284439e+01,  1.65594046e+00],
    [-4.15267230e+00,  1.44887233e+01,  1.90691817e+00]
  ],
  "axis_forward": "-Z",
  "axis_up": "Y"
}